Metric,QQQ,SPY
Annual Return,0.2297639904196144,0.1672770528055536
Annual Volatility,0.2490621868257302,0.20352829677852594
Maximum Drawdown,-0.351187387162649,-0.3371726642847273
Sharpe Ratio,0.9225165543912178,0.821885975823696
