Metric,QQQ,SPY
Annual Return,0.22931919745689547,0.16730338759591679
Annual Volatility,0.24913714864177744,0.20359169331699448
Maximum Drawdown,-0.3511871971603231,-0.3371727136342999
Sharpe Ratio,0.9204536485509142,0.8217593992669612
